编号,色泽,根蒂,敲声,纹理,脐部,触感,标签
1,青绿,蜷缩,浊响,清晰,凹陷,硬滑,好瓜
2,乌黑,蜷缩,沉闷,清晰,凹陷,硬滑,好瓜
3,乌黑,蜷缩,浊响,清晰,凹陷,硬滑,好瓜
4,青绿,蜷缩,沉闷,清晰,凹陷,硬滑,好瓜
5,浅白,蜷缩,浊响,清晰,凹陷,硬滑,好瓜
6,青绿,稍蜷,浊响,清晰,稍凹,软粘,好瓜
7,乌黑,稍蜷,浊响,稍糊,稍凹,软粘,好瓜
8,乌黑,稍蜷,浊响,清晰,稍凹,硬滑,好瓜
9,乌黑,稍蜷,沉闷,稍糊,稍凹,硬滑,好瓜
10,青绿,硬挺,清脆,清晰,平坦,软粘,坏瓜
11,浅白,硬挺,清脆,模糊,平坦,硬滑,坏瓜
12,浅白,蜷缩,浊响,模糊,平坦,软粘,坏瓜
13,青绿,稍蜷,浊响,稍糊,凹陷,硬滑,坏瓜
14,浅白,稍蜷,沉闷,稍糊,凹陷,硬滑,坏瓜
15,乌黑,稍蜷,浊响,清晰,稍凹,软粘,坏瓜
16,浅白,蜷缩,浊响,模糊,平坦,硬滑,坏瓜
17,青绿,蜷缩,沉闷,稍糊,稍凹,硬滑,坏瓜